{
  "frame_id": "map",
  "waypoints": [
    {
      "name": "START",
      "position": {
        "x": 0.0,
        "y": 0.0,
        "z": 0.0
      },
      "orientation": {
        "x": 0.0,
        "y": 0.0,
        "z": 0.0,
        "w": 1.0
      }
    },
    {
      "name": "WS02",
      "position": {
        "x": 3.426950454711914,
        "y": 0.48001551628112793,
        "z": 0.0
      },
      "orientation": {
        "x": 0.0,
        "y": 0.0,
        "z": -0.002522996817531095,
        "w": 0.9999968172384643
      }
    },
    {
      "name": "WS14",
      "position": {
        "x": 3.3220930099487305,
        "y": 3.162895679473877,
        "z": 0.0
      },
      "orientation": {
        "x": 0.0,
        "y": 0.0,
        "z": 0.7076631700785697,
        "w": 0.7065499541535257
      }
    },
    {
      "name": "FINISH",
      "position": {
        "x": 0.5,
        "y": 0.5,
        "z": 0.0
      },
      "orientation": {
        "x": 0.0,
        "y": 0.0,
        "z": 0.0,
        "w": 1.0
      }
    }
  ]
}