{
  "frame_id": "map",
  "waypoints": [
    {
        "name": "WS01",
        "position": {
            "x": 2.643974542617798,
            "y": 2.318220615386963,
            "z": 0.0
        },
        "orientation": {
            "x": 0.0,
            "y": 0.0,
            "z": -0.9999970945612133,
            "w": 0.0024105744401922546
        }
    }
  ]
}
