{
  "frame_id": "map",
  "waypoints": [
    {
        "name": "START",
        "position": {
            "x": 0.0,
            "y": 0.0,
            "z": 0.0
        },
        "orientation": {
            "x": 0.0,
            "y": 0.0,
            "z": 0.0,
            "w": 0.0
        }
    },
    {
        "name": "WS01",
        "position": {
            "x": 2.66,
            "y": 2.32,
            "z": 0.0
        },
        "orientation": {
            "x": 0.0,
            "y": 0.0,
            "z": -0.9999970945612133,
            "w": 0.0024105744401922546
        }
    },
    {
        "name": "WS02",
        "position": {
            "x": 0.9380345940589905,
            "y": 2.257888078689575,
            "z": 0.0
        },
        "orientation": {
            "x": 0.0,
            "y": 0.0,
            "z": -0.0003650582005377888,
            "w": 0.9999999333662529
        }
    },
    {
        "name": "FINISH",
        "position": {
            "x": 0.0,
            "y": 0.0,
            "z": 0.0
        },
        "orientation": {
            "x": 0.0,
            "y": 0.0,
            "z": 0.0,
            "w": 0.0
        }
    }
  ]
}